journal,,editor_in_chief,author,title,year,issue,english_author,original title,first published year,genre,additional comments,decade,general_secretary
IL,,,Азимов Айзек,Буква закона,1981,7,Isaac Asimov,A Loint of Paw,1957,,first published in The Magazine of Fantasy & Science Fiction,1980s,Brezhnev
IL,,,Аллен Вуди,Воспоминания о двадцатых,1979,4,Woody Allen,A Twenties Memory,1971,,"part of Getting Even collection, most peaces first published in the New Yorker between 1966 and 1971",1970s,Brezhnev
IL,,,Аллен Вуди,Смерть: Пьеса,1989,8,Woody Allen,Death,1975,,,1980s,Gorbachev
IL,,,Аллен Вуди,Квитанции Меттерлина,1989,8,Woody Allen,The Metterling Lists,1969,,"first published in the New Yorker in 1969, part of Getting Even collection(1971), most peaces first published in the New Yorker between 1966 and 1971",1980s,Gorbachev
IL,,,Аллен Вуди,Беседы с Гельмгольцем,1989,8,Woody Allen,Conversations with Helmholtz,1971,,"part of Getting Even collection, most peaces first published in the New Yorker between 1966 and 1971",1980s,Gorbachev
IL,,,Аллен Вуди,Рассказы: Торговцы интеллектом,1977,6,Woody Allen,The Whore of Mensa,1974,,"first published in the New Yorker, later part of Without Feathers(1975) collection",1970s,Brezhnev
IL,,,Аллен Вуди,...Век учись,1977,6,Woody Allen,Spring Bulletin,1967,,"first published in the New Yorker, part of Getting Even collection(1971) ",1970s,Brezhnev
IL,,,Аллен Вуди,Смерть стучится в дверь,1978,5,Woody Allen,Death Knocks,1968,,"part of Getting Even collectio(1971)n, most peaces first published in the New Yorker between 1966 and 1971",1970s,Brezhnev
IL,,,Аллен Вуди,Если бы импрессионисты были стомато­ логами...,1978,5,Woody Allen,If the Impressionists Had Been Dentists,1975,,,1970s,Brezhnev
IL,,,Андерсон Шервуд,Его комод,1982,3,Sherwood Anderson,His Chest of Drawers,1942,,,1980s,Andropov
IL,,,Андерсон Шервуд,Пастораль,1982,3,Sherwood Anderson,Pastoral,1942,,,1980s,Andropov
IL,,,Андерсон Шервуд,Незабытый,1982,3,Sherwood Anderson,Childhood and Young Manhood,1942,,,1980s,Andropov
IL,,,Андерсон Шервуд,Большая рыба,1982,3,Sherwood Anderson,Big Fish,1942,,,1980s,Andropov
IL,,,Андерсон Шервуд,Наша утренняя перекличка,1982,3,Sherwood Anderson,Our Morning Roll Call,1942,,,1980s,Andropov
IL,,,Андерсон Шервуд,Землевладелец,1982,3,Sherwood Anderson,A Landed Proprietor,1942,,,1980s,Andropov
IL,,,Апдайк Джон,Давай поженимся: Романтическая история,1979,"7, 8",John Updike,Marry Me,1976,,,1970s,Brezhnev
IL,,,Апдайк Джон,Кентавр: Роман,1965,"1, 2",John Updike,Centaur,1963,,,1960s,Brezhnev
IL,,,Апдайк Джон,Ферма: Роман,1967,4,John Updike,Of the Farm,1965,,,1960s,Brezhnev
IL,,,Бартельм Дональд,Полицейский джаз,1980,5,Donald Barthelme,The Police Band,1964,,published in the New Yorker,1980s,Brezhnev
IL,,,Бах Ричард Дэвис,Чайка по имени Джонатан Ливингстон: Повесть-притча,1974,12,Richard Bach,Jonathan Livingston Seagull: A Story,1970,,,1970s,Brezhnev
IL,,,Бейли Уильям,Ветер рождает бурю: Повесть,1970,4,Bill Bailey,ЖУРНАЛЬНАЯ ПУБЛИКАЦИЯ,,,,1970s,Brezhnev
IL,,,Беллоу Сол,Герцог: Роман,1990,"11, 12",Saul Bellow,Herzog,1964,,,1990s,Gorbachev
IL,,,Бенчли Питер,Челюсти: Роман,1984,"7, 8",Peter Benchley,Jaws,1974,,,1980s,Chernenko
IL,,,Бенчли Роберт,Способны ли насекомые мыслить?: Рассказ,1985,4,Robert Benchley,Do Incects Think?,1922,,,1980s,Gorbachev
IL,,,Болдуин Джеймс,Блюз Сонни,1971,4,James Baldwin,Sonny's Blues,1957,,,1970s,Brezhnev
IL,,,Болдуин Джеймс,Наследник,1971,4,James Baldwin,The Man Child,1965,,,1970s,Brezhnev
IL,,,Болдуин Джеймс,Блюз для мистера Чарли: Пьеса в 3-х д.,1964,11,James Baldwin,Blues for Mister Charlie,1964,,,1960s,Brezhnev
IL,,,Болдуин Джеймс,Если Бийл-стрит могла бы заговорить: Роман,1975,7,James Baldwin,If Beale Street Could Talk,1974,,,1970s,Brezhnev
IL,,,Болдуин Джеймс,Записки сына Америки: Глава из книги,1982,2,James Baldwin,Notes of Native Son,1955,,,1980s,Andropov
IL,,,Боуэн Роберт,Какой ценой,1958,8,Robert Bowen,,,,,1950s,Khrushchev
IL,,,Браутиган Ричард,Литературная жизнь в Калифорнии,1981,5,Richard Brautigan,The Literary Life in California/1964,1971,,,1980s,Brezhnev
IL,,,Браутиган Ричард,На троих,1981,5,Richard Brautigan,"1/3, 1/3, 1/3",1971,,,1980s,Brezhnev
IL,,,Браутиган Ричард,Я пытался описать тебя кому-то,1981,5,Richard Brautigan,I Was Trying to Describe You to Someone,1971,,,1980s,Brezhnev
IL,,,Браутиган Ричард,Машинистка Эрнеста Хемингуэя,1981,5,Richard Brautigan,Ernest Hemingway's Typist,1971,,,1980s,Brezhnev
IL,,,Бретнор Реджиналд, Корень зла: Рассказ,1985,11,Reginald Bretnor,Bug Getter,1960,,First published in: The Magazine of Fantasy & Science Fiction,1980s,Gorbachev
IL,,,Брэдбери Рэй,Фантастические рассказы: Луг,1963,8,Ray Bradbury,The Meadow,1953,,,1960s,Khrushchev
IL,,,Брэдбери Рэй,Вельд,1963,8,Ray Bradbury,The Veldt,1950,,,1960s,Khrushchev
IL,,,Брэдбери Рэй,Чепушинка,1983,7,Ray Bradbury,Everything Instead of Something,1943,,,1980s,Andropov
IL,,,Бухвальд Арт,Грандиозный сценарий Флетча,1977,2,Art Buchwald,A Great Movie by Fletch,,,,1970s,Brezhnev
IL,,,Бухвальд Арт,Давайте сделаем не­большую передышку,1977,2,Art Buchwald,Let's Pause for a Moment,,,,1970s,Brezhnev
IL,,,Бухвальд Арт,Безработный патриот,1977,2,Art Buchwald,The Jobless Patriot,,,,1970s,Brezhnev
IL,,,Бухвальд Арт,Изобретение телевиде­ния,1977,2,Art Buchwald,The Invention of TV,,,,1970s,Brezhnev
IL,,,Бухвальд Арт,Луна на Земле,1977,2,Art Buchwald,The Moon is Down,,,,1970s,Brezhnev
IL,,,Бухвальд Арт,Горести рая,1977,2,Art Buchwald,Trouble in Paradise,,,,1970s,Brezhnev
IL,,,Бухвальд Арт,Совет писателям,1964,5,Art Buchwald,Advice to Writers,,,,1960s,Brezhnev
IL,,,Бухвальд Арт,Посещение парижского кино,1964,5,Art Buchwald,Going to a Paris Movie,,,,1960s,Brezhnev
IL,,,Бухвальд Арт,Преступником быть не хуже,1964,5,Art Buchwald,Crime Pays Better,,,,1960s,Brezhnev
IL,,,Бухвальд Арт,Багажная квитанция художника-битника,1964,5,Art Buchwald,A Beatnik Painter's Claim Check,,,,1960s,Brezhnev
IL,,,Видал Гор,1876: Роман,1986,"4, 5",Gore Vidal,1876,1976,,,1980s,Gorbachev
IL,,,Видал Гор,"Вашингон, округ Колумбия: Роман",1968,"11, 12",Gore Vidal,"Washington, D.C.",1967,,,1960s,Brezhnev
IL,,,Воннегут Курт,Завтрак для чемпионов: Роман,1975,"1, 2",Kurt Vonnegut,Breakfast of Champions,1973,,,1970s,Brezhnev
IL,,,Воннегут Курт,Малый Не Промах: Роман,1986,9,Kurt Vonnegut,Deadeye Dick,1982,,,1980s,Gorbachev
IL,,,Вулф Том,Костры амбиций: Роман. ,1991,"10, 11",Tom Wolfe,The Bonfire of the Vanities,1987,,,1990s,Gorbachev
IL,,,Вулф Томас,Повести: Паутина,1971,7,Thomas Wolfe,The Web of Earth,1932,,,1970s,Brezhnev
IL,,,Вулф Томас,Смерть - гордая сестра,1971,7,Thomas Wolfe,"Death, the Proud Brother",1933,,,1970s,Brezhnev
IL,,,Гарднер Джон,Джон Нэппер плывет по вселенной,1976,7,John Gardner,John Napper Sailing Through the Universe,1974,,,1970s,Brezhnev
IL,,,Гейнс Эрнест Дж.,И сошлись старики: Роман,1987,8,Ernest J. Gaines,A Gathering of Old Men,1983,,,1980s,Gorbachev
IL,,,Герзон Марк,"Герои, которых мы выбираем. Идеал Мужчины — вчера и сегодня: Фрагменты книги",1987,3,Mark Genzon,A Choice of Heroes: The Changing Faces of American Manhood,1982,,,1980s,Gorbachev
IL,,,Грау Шерли Энн,Стерегущие дом: Роман,1969,"3, 4",Shirley Ann Grau,The Keepers of the House,1964,,,1960s,Brezhnev
IL,,,Грей Лен,Милая старушка из Крикет Крик,1982,10,Len Gray,The Little Old Lady from Cricket Creek,1969,,Ellery Queen’s Mystery Magazine,1980s,Andropov
IL,,,"Гульотта Гай, Лин Джефф",Кокаиновые короли: Документальная повесть,1991,3,"Guy Gugliotta, Jeff Leen",Kings of Cocaine,1989,,,1990s,Gorbachev
IL,,,Дайс Джей,Крупная игра: Роман,1960,3-Jan,Joseph Jay Deiss,The Blue Chips,,,,1960s,Khrushchev
IL,,,Джеймс Генри,Письма Асперна: Повесть,1973,7,Henry James,The Aspern Papers,1888,,,1970s,Brezhnev
IL,,,Джексон Шерли,По-маминому: Рассказ,1986,10,Shirley Jackson,Like Mother Used to Make,1949,,,1980s,Gorbachev
IL,,,Джонс Джеймс,Только позови: Роман,1982,9-Jul,James Jones,Whistle,1978,,,1980s,Andropov
IL,,,Джордж Элек Эффинджер,В Чужом Облике,1988,12,George Alec Effinger,The Pinch-Hitters,1979,,,1980s,Gorbachev
IL,,,Доктороу Э. Л.,Билли Батгейт: Роман,1991,"6, 7",E. L. Doctorow,Billy Bathgate,1989,,,1990s,Gorbachev
IL,,,Доктороу Э. Л.,Рэгтайм: Роман,1978,"9, 10",E. L. Doctorow,Ragtime,1975,,,1970s,Brezhnev
IL,,,Донливи Джеймс Патрик,Кама грядеши,1981,11,J. P. Donleavy,Wither Wigwams,1964,,,1980s,Brezhnev
IL,,,Донливи Джеймс Патрик,Два письма,1981,11,J. P. Donleavy,Dear Sylvia! Dear Hugo!,1964,,,1980s,Brezhnev
IL,,,Донливи Джеймс Патрик,Кодекс без изъятий и сокращений. Полный свод прав.ил выживания и поведения в обществе,1978,6,J. P. Donleavy,The Unexpurgated Code: A Complete Manual of Survival & Manners,1975,,,1970s,Brezhnev
IL,,,Доннел К. М.,Гибкая позиция,1981,5,Barry N. Malzberg/K. M. O'Donnell,A Question of Slant,1971,,,1980s,Brezhnev
IL,,,Драйер Стэн,Покорение монумента Вашингтону,1983,1,Stan Dryer,The Conquest of the Washington Monument,,,,1980s,Andropov
IL,,,"Дуглас Натан Е., Смит Гарольд Дж.",Не склонившие головы: Киносценарий,1960,6,"Nathan E. Douglas, Harold Jacob Smith",The Defiant Ones,1958,,,1960s,Khrushchev
IL,,,Дэвидоу Майк,Орлы и голуби: Повесть,1986,7,Mike  Davidow,The Eagle-Doves,,,,1980s,Gorbachev
IL,,,Дэвидсон Аврам,Булыжники Саратога-стрит,1978,1,Avram Davidson,The Cobblestones of Saratoga Street,1964,,,1970s,Brezhnev
IL,,,Ирвинг Джон,До Айовы рукой подать: Рассказ,1987,4,John Irving,Almost in Iowa,1973,,,1980s,Gorbachev
IL,,,Казинс Норман,Врачующее сердце: Отрывки из книги,1985,7,Norman Cousins,The Healing Heart: Antidotes to Panic and Helplessness,1983,,,1980s,Gorbachev
IL,,,Капоте Трумэн,Гость на празднике,1976,7,Truman Capote,The Thanksgiving Visitor,1967,,,1970s,Brezhnev
IL,,,Капоте Трумэн,Обыкновенное убийство: документальная повесть,1966,4-Feb,Truman Capote,In Cold Blood: A True Account of a Multiple Murder and Its Consequences,1966,,,1960s,Brezhnev
IL,,,Капоте Трумэн,Самодельные гробики: Документальный рассказ об одном американском  преступлении,1982,9,Truman Capote,Handcarved Coffins: A Nonfiction Account of an American Crime,1981,,,1980s,Andropov
IL,,,Кауфман Бел,Вверх по ведущей вниз лестнице: Повесть,1967,6,Bel Kaufman,Up the Down Staircase,1964,,,1960s,Brezhnev
IL,,,Кауфман Бел,"Искусство рассказчика, вызывающее смех, слезы, раздумье",1979,1,Bel Kaufman,,,,,1970s,Brezhnev
IL,,,Кауфман Джордж С.,Спокойная тревога,1988,5,George S. Kaufman,,,,,1980s,Gorbachev
IL,,,Квирк Джон,Победители без лавров: Главы из романа,1968,"7, 8",John Quirk,The Hard Winners,,,,1960s,Brezhnev
IL,,,Керуак Джек,На дороге. (Рассказы): Мексиканочка,1960,10,Jack Kerouac,On The Road. Part 1,1957,,,1960s,Khrushchev
IL,,,Керуак Джек,Джаз разбитого поколения,1960,10,Jack Kerouac,On The Road,1957,,,1960s,Khrushchev
IL,,,Килленз Джон Оливер,И тогда мы услышали гром: Роман,1965,6-Apr,John Oliver Killens,And Then We Heard the Thunder,1962,,,1960s,Brezhnev
IL,,,Кинг Стивен,Мертвая зона: Роман,1984,3-Jan,Stephen King,The Dead Zone,1979,,,1980s,Chernenko
IL,,,Колдуэлл Эрскин,Дженни: Роман,1962,12,Erskine Caldwell,Jenny by Nature,,,,1960s,Khrushchev
IL,,,Колдуэлл Эрскин,Рассказы с Мексиканского залива: Рачушки,1957,10,Erskine Caldwell,Gulf Coast Stories,,,,1950s,Khrushchev
IL,,,Колдуэлл Эрскин,Ради Нелли,1957,10,Erskine Caldwell,Memento,,,,1950s,Khrushchev
IL,,,Колдуэлл Эрскин,На рыбалку,1957,10,Erskine Caldwell,To the Chaparral,,,,1950s,Khrushchev
IL,,,Колдуэлл Эрскин,Подарок для Сью,1957,10,Erskine Caldwell,A Gift for Sue,,,,1950s,Khrushchev
IL,,,Колдуэлл Эрскин,У нас дома: Роман,1963,"10, 11",Erskine Caldwell,Close to Home,,,,1960s,Khrushchev
IL,,,Колдуэлл Эрскин,Шальные деньги,1955,2,Erskine Caldwell,The Windfall,,,,1950s,Khrushchev
IL,,,Колдуэлл Эрскин,Из гущи людской,1955,2,Erskine Caldwell,Masses of Men,,,,1950s,Khrushchev
IL,,,Колдуэлл Эрскин,Джо Крэмок и его старуха,1955,2,Erskine Caldwell,Joe Craddock's Old Woman,,,,1950s,Khrushchev
IL,,,Колдуэлл Эрскин,Ве­чер в Нуэво-Леоне,1955,2,Erskine Caldwell,An Evening in Nuevo Leon,,,,1950s,Khrushchev
IL,,,Колдуэлл Эрскин,Теплая река,1955,2,Erskine Caldwell,Warm River,1933,,,1950s,Khrushchev
IL,,,Ладлэм Роберт,Бумага Мэтлока: Роман,1985,"1, 2",Robert Ludlum,The Matlock Paper,1973,,,1980s,Gorbachev
IL,,,Лакёр Уолтер,«Купить в Москве книгу...»,1989,4,Walter Laqueur,,,,,1980s,Gorbachev
IL,,,Лакёр Уолтер,Монолог в Москве. Из книги «Долгий путь к свободе»,1990,2,Walter Laqueur,The Long Road to Freedom: Russia and Glasnost,1989,,,1990s,Gorbachev
IL,,,Лакёр Уолтер,Наставники Гитлера: Главы из книги «Россия и Германия»,1991,5,Walter Laqueur,Russia and Germany: A Century of Conflict,1965,,,1990s,Gorbachev
IL,,,Леви Ньюман,Волшебник крестный,1983,10,Newman Levy,Cedric's Fairy Godfather,1958,,,1980s,Andropov
IL,,,Леннон Альберт,Корни,1964,11,Albert Lennon,ЖУРНАЛЬНАЯ ПУБЛИКАЦИЯ,,,,1960s,Brezhnev
IL,,,Ли Харпер,Убить пересмешника: Роман,1963,"3, 4",Harper Lee,To Kill a Mockingbird,1960,,,1960s,Khrushchev
IL,,,Лоусон Джон Говард,Чудеса в гостиной: Пьеса в 3-х актах,1962,11,John Howard Lawson,Parlor Magic,1962,,,1960s,Khrushchev
IL,,,Макграт Томас,...кроме последнего: Роман,1987,"11, 12",Thomas McGrath,This Coffin Has No Handles,1984,,"first title was «All But the Last» in 1950, novel was never published under it. First published in North Dakota Quarterly, later 1988 hardcover edition published by Thunder's Mouth Press (New York City). ",1980s,Gorbachev
IL,,,Макинерни Джей,"Яркие огни, большой город: Роман",1991,2,Jay McInerney,"Bright Lights, Big City",1984,,,1990s,Gorbachev
IL,,,Максуэлл Уильям,С любовью и преданностью,1969,5,William Maxwell,,,,,1960s,Brezhnev
IL,,,Макферсон Джеймс Алан,Золотой берег,1970,3,James Alan McPerson,Gold Coast,1968,,first published in the Atlantic,1970s,Brezhnev
IL,,,Мальц Альберт,Картины,1962,7,Albert Maltz,,,,,1960s,Khrushchev
IL,,,Мальц Альберт,Однажды в январе: Повесть,1985,5,Albert Maltz,A Tale of One January,1966,,wasn't published in the USA,1980s,Gorbachev
IL,,,Мальц Альберт,Смех звонкий как колокольчик,1956,9,Albert Maltz,,,,,1950s,Khrushchev
IL,,,Мастерс Декстер,Несчастный случай:Роман,1957,6-Apr,Dexter Masters,The Accident,1955,,,1950s,Khrushchev
IL,,,Миллер Артур,Вид с моста: Пьеса,1957,4,Arthur Miller,A View from the Bridge,1955,,,1950s,Khrushchev
IL,,,Миллер Артур,Цена: Драма в 2-х д.,1968,6,Arthur Miller,The Price,1968,,,1960s,Brezhnev
IL,,,Миллер Артур,Часы Америки: Пьеса,1988,11,Arthur Miller,The American Clock,1980,,,1980s,Gorbachev
IL,,,Миллер Артур,Это случилось в Виши: Пьеса,1965,7,Arthur Miller,Incident at Vichy,1964,,,1960s,Brezhnev
IL,,,Миллер Генри,Размышление о писательстве,1991,8,Arthur Miller,My Life and Times,1971,,,1990s,Gorbachev
IL,,,Миллер Генри,Тропик Рака: Роман,1990,"7, 8",Arthur Miller,Tropic of Cancer,1934,,,1990s,Gorbachev
IL,,,Миэн Томас,11 talento mysterioso,1981,10,Thomas Meehan,II Talento Mysterioso,,,,1980s,Brezhnev
IL,,,Миэн Томас,Ничего личного,1981,10,Thomas Meehan,Nothing Personal,,,,1980s,Brezhnev
IL,,,Новые американские рассказы,чекнуть выпуск,1958,8,,,,,,1950s,Khrushchev
IL,,,Нолан Уильям Ф.,Ну и денек!,1982,7,William F. Nolan,One of Those Days,1962,,,1980s,Andropov
IL,,,Нэдлер Мэгги,Последнее новшество,1981,7,Maggie Nadler,The Latest Feature,1972,,,1980s,Brezhnev
IL,,,Нэш Огден,Незнакомец в доме: Рассказ,1976,11,Nash Ogden,Stranger in the House,,,,1970s,Brezhnev
IL,,,О'Хара Джон,Быстротечная слава мистера Сеймура Гаррисбурга,1958,8,John O'Hara,The public career of Mr. Seymour Harrisburg,1933,,,1950s,Khrushchev
IL,,,О'Хара Джон,Дело Локвудов: Роман,1972,10-Aug,John O'Hara,The Lockwood Concern,1965,,,1970s,Brezhnev
IL,,,О'Хара Джон,Разговор во время обеда,1978,10,John O'Hara,,1944,,,1970s,Brezhnev
IL,,,Огден Крис,Мэгги. Интимный портрет женщины у власти: Главы из книги,1991,4,Chris Ogden,Maggie: An Intimate Portrait of a Woman in Power,1990,,,1990s,Gorbachev
IL,,,Олби Эдвард,Все в саду:Пьеса в 2-х д.,1969,1,Edward Albee,Everything in the Garden,1967,,,1960s,Brezhnev
IL,,,Олби Эдвард,Смерть Бесси Смит: Пьеса в 8 карт.,1964,6,Edward Albee,The Death of Bessie Smith,1960,,,1960s,Brezhnev
IL,,,Оутс Джойс Кэрол,Священный брак: Рассказ,1983,9,Joyce Carol Oates,The Sacred Marriage,1972,,,1980s,Andropov
IL,,,Оутс Джойс Кэрол,Стыд,1973,12,Joyce Carol Oates,Shame,1970,,,1970s,Brezhnev
IL,,,Оутс Джойс Кэрол,Тяжкое  бремя  плоти,1973,12,Joyce Carol Oates,The Heavy Sorrow of the Body,1970,,,1970s,Brezhnev
IL,,,Оутс Джойс Кэрол,Ты хоть раз поскользнулся в луже красной крови?,1973,12,Joyce Carol Oates,Did You Ever Slip on Red Blood?,1972,,,1970s,Brezhnev
IL,,,Парди Джеймс,Острый угол,1969,5,James Purdy,Cutting Edge ,1957,,,1960s,Brezhnev
IL,,,Паркер Дороти,"Но тот, что справа...",1981,10,Dorothy Parker,But the One on the Right,1929,,,1980s,Brezhnev
IL,,,Паркер Дороти,Перед рассветом,1984,1,Dorothy Parker,,,,,1980s,Chernenko
IL,,,Пирсон Эдмунд,По заслугам,1977,7,Edmund Pearson,,,,,1970s,Brezhnev
IL,,,Плакта Дэнни,Оживили... ,1981,7,Daniel Plachta,Revival Meeting,,,,1980s,Brezhnev
IL,,,Помрой Уильям,Приказ,1968,4,William Pomeroy,,,,,1960s,Brezhnev
IL,,,Помрой Уильям,Флора,1968,4,William Pomeroy,,,,,1960s,Brezhnev
IL,,,Портер Кэтрин Энн,"Бледный конь, бледный всадник: Новелла",1979,1,Katherine Anne Porter,"Pale Horse, Pale Rider",1937,,,1970s,Brezhnev
IL,,,Портер Кэтрин Энн,Как была брошена бабушка Вэзеролл,1976,7,Katherine Anne Porter,The Jilting of Granny Weatherall,1929,,,1970s,Brezhnev
IL,,,Портер Кэтрин Энн,Падающая башня: Повесть,1990,3,Katherine Anne Porter,The Leaning Tower,1941,,,1990s,Gorbachev
IL,,,Рассел Рэй,Комната,1981,7,Ray Russell,The Room,1961,,,1980s,Brezhnev
IL,,,Ренз Доналд,Межпланетное авторское право,1977,7,Donald F. Reines,Interplanetary Copyright,,,First published as The Shape of Copyright to Come: https://wp.nyu.edu/orphanfilm/2021/02/19/interplanetary-copyright-1952/,1970s,Brezhnev
IL,,,Рид Кит,Синьор да В.:Рассказ,1987,7,Kit Reed,Mr. da V.,1962,,,1980s,Gorbachev
IL,,,Салливен Фрэнк,"Нет, нет и еще раз нет! и др. рассказы",1985,12,Frank Sullivan,"No! A Thousand Times, No!",,,,1980s,Gorbachev
IL,,,Салливэн Фрэнк,Признания:  Рассказ,1979,4,Frank Sullivan,,,,,1970s,Brezhnev
IL,,,Салливэн Фрэнк,Рассказы: Букет дружб,1978,8,Frank Sullivan,,,,,1970s,Brezhnev
IL,,,Салливэн Фрэнк,Почетная маруха,1978,8,Frank Sullivan,Honorary Gun Moll,,,,1970s,Brezhnev
IL,,,Сароян Уильям,Весь снят и сами небеса,1958,8,William Saroyan,,,,,1950s,Khrushchev
IL,,,Сароян Уильям,Читатель «Всемирного альманаха»,1958,8,William Saroyan,,,,,1950s,Khrushchev
IL,,,Сароян Уильям,Вы когда-нибудь влюблялись в крошку?: Рассказ,1977,1,William Saroyan,,,,,1970s,Brezhnev
IL,,,Сароян Уильям,Разве сегодня не  тот самый  день?,1984,6,William Saroyan,,,,,1980s,Chernenko
IL,,,Сароян Уильям,"Три, четыре, пять, вышел зайчик погулять",1956,10,William Saroyan,,,,,1950s,Khrushchev
IL,,,Сароян Уильям,Гений,1956,10,William Saroyan,,,,,1950s,Khrushchev
IL,,,Сетон Томпсон Эрнест,Пижон среди ковбоев: Глава из автобиографии,1980,6,Ernest Thompson Seton,,,,,1980s,Brezhnev
IL,,,Слезар Генри,День экзамена,1981,7,Henry Slesar,Examination Day,,,,1980s,Brezhnev
IL,,,Смит Патрик Дэвис,В поисках  русского  медведя:  Фрагменты  книги,1984,11,Patrick D. Smith,In Search of a Russian Bear: An American Writer's Odyssey in the Former Soviet Union,,,,1980s,Chernenko
IL,,,Смит Патрик Дэвис,"Энджел-Сити, или Ангельский город: Роман",1981,2,Patrick D. Smith,Angel City,,,,1980s,Brezhnev
IL,,,Стайрон Уильям,Безмолвный прах: Фрагменты книги,1986,7,William Styron,This Quiet Dust,1982,,,1980s,Gorbachev
IL,,,Стайрон Уильям,Долгий марш,1967,7,William Styron,The Long March,1952,,,1960s,Brezhnev
IL,,,Стайрон Уильям,Софи делает выбор: Главы из романа,1981,1,William Styron,Sophie's Choice,1979,,,1980s,Brezhnev
IL,,,Стейнбек Джон,Жемчужина: Повесть,1956,12,John Steinbeck,The Pearl,1947,,,1950s,Khrushchev
IL,,,Стейнбек Джон,Зима тревоги нашей: Роман,1962,3-Jan,John Steinbeck,The Winter of Our Discontent,1961,,,1960s,Khrushchev
IL,,,Стейнбек Джон,Происшествие в доме № 5 по улице М,1958,8,John Steinbeck,The Affair at 7 Rue de M.,1955,,,1950s,Khrushchev
IL,,,Стейнбек Джон,Путешествие с Чарли в поисках Америки: Избранные главы,1963,3,John Steinbeck,Travels with Charley: In Search of America,1962,,,1960s,Khrushchev
IL,,,Стивенсон Джеймс,Проект Билли,1977,6,James Stevenson,Billy's Design,,,https://www.newyorker.com/magazine/1971/01/09/billys-design-illustrated,1970s,Brezhnev
IL,,,Стоун Роберт,В зеркалах: Роман,1973,6-Apr,Robert Stone,A Hall of Mirrors,1966,,,1970s,Brezhnev
IL,,,Стоун Роберт,Флаг на заре: Роман,1986,"1, 2",Robert Stone,A Flag for Sunrise,1981,,,1980s,Gorbachev
IL,,,Сэлинджер Дж. Д.,Над пропастью во ржи: Роман,1960,11,J. D. Salinger,The Catcher in the Rye,1951,,,1960s,Khrushchev
IL,,,Сэлинджер Дж. Д.,Тэттди: Рассказ,1982,10,J. D. Salinger,Teddy,1953,,,1980s,Andropov
IL,,,Тайлер Энн,Обед в ресторане «Тоска по дому»: Роман,1985,"9, 10",Anne Tyler,Dinner at the Homesick Restaurant,,,,1980s,Gorbachev
IL,,,Твен Марк,Вечно новый Марк Твен: Интервью «простака». Марк Твен - гость Сент-Луиса,1979,3,Mark Twain,,,,,1970s,Brezhnev
IL,,,Твен Марк,Говорит Марк Твен,1979,3,Mark Twain,,,,,1970s,Brezhnev
IL,,,Твен Марк,Марк Твен и Киплинг,1979,3,Mark Twain,,,,,1970s,Brezhnev
IL,,,Твен Марк,Марк Твен в Лондоне,1979,3,Mark Twain,,,,,1970s,Brezhnev
IL,,,Твен Марк,Умирение Сатаны,1979,3,Mark Twain,,,,,1970s,Brezhnev
IL,,,Твен Марк,Из эссеистики,1985,1,Mark Twain,,,,,1980s,Gorbachev
IL,,,Твен Марк,"Раосказы: История Мэйми Грант, девочки-миссионера",1983,4,Mark Twain,,,,,1980s,Andropov
IL,,,Твен Марк,Ферма пре­подобного Генри Уорда Бичера,1983,4,Mark Twain,,,,,1980s,Andropov
IL,,,Твен Марк,Творческие порывы двухлетних ост­ряков,1983,4,Mark Twain,,,,,1980s,Andropov
IL,,,Твен Марк,Эта невообразимая русская баня,1983,4,Mark Twain,,,,,1980s,Andropov
IL,,,Твен Марк,Рассказы: Политическая экономия,1984,3,Mark Twain,,,,,1980s,Chernenko
IL,,,Твен Марк,Восстановление аппетита,1984,3,Mark Twain,,,,,1980s,Chernenko
IL,,,Твен Марк,Три тысячи лет среди микробов: К 150-летию со дня рождения. Фрагменты повести,1985,11,Mark Twain,,,,,1980s,Gorbachev
IL,,,Тенн Уильям,Недуг,1967,1,William Tenn,The Sickness,,,,1960s,Brezhnev
IL,,,Теркел Стадс,«Хорошая война». Устная история второй мировой войны: Фрагменты книги,1985,"5, 10",Studs Terkel,The Good War: An Oral History of World War II,1984,,,1980s,Gorbachev
IL,,,"Тэрбер Джеймс, УАЙТ Э. Б.",Можно ли об этом говорить родителям?,1978,10,James Thurber,,,,,1970s,Brezhnev
IL,,,Тэрбер Джеймс,От чего страдает человечество?,1968,8,James Thurber,,,,,1960s,Brezhnev
IL,,,Тэрбер Джеймс,Рассказы: Вечер у драматурга,1976,10,James Thurber,,,,,1970s,Brezhnev
IL,,,Тэрбер Джеймс,Женщина в западне,1976,10,James Thurber,,,,,1970s,Brezhnev
IL,,,Тэрбер Джеймс,Единорог в са­ду,1976,10,James Thurber,The Unicorn in the Garden,,,,1970s,Brezhnev
IL,,,Тэрбер Джеймс,Исход Эммы Метр,1976,10,James Thurber,The Departure of Emma Inch,,,,1970s,Brezhnev
IL,,,Тэрбер Джеймс,Рассказы: Одним апрельским днем,1980,5,James Thurber,,,,,1980s,Brezhnev
IL,,,Тэрбер Джеймс,Спрятаться в ящике,1980,5,James Thurber,A Box to Hide In,,,,1980s,Brezhnev
IL,,,Тэрбер Джеймс,Есть что сказать,1980,5,James Thurber,,,,,1980s,Brezhnev
IL,,,Тэрбер Джеймс,"Собака, которая кусала людей",1979,2,James Thurber,The Dog That Bit People,,,,1970s,Brezhnev
IL,,,Уайлдер Торнтон,Теофил Норт: Роман,1976,8-Jun,Thornton Wilder,Theophilus North,1973,,,1970s,Brezhnev
IL,,,Уилсон Митчел,"Брат мой, враг мой: Роман",1956,4-Feb,Mitchell A. Wilson,"My Brother, My Enemy, part 1",1952,,,1950s,Khrushchev
IL,,,Уилсон Митчел,Встреча на далеком меридиане: Роман,1961,4-Jan,Mitchell A. Wilson,Meeting at a far meridian,1961,,,1960s,Khrushchev
IL,,,Уилсон Митчел,"Дэви Мэллори: Вторая книга романа «Брат мой, враг мой»",1959,"6, 7",Mitchell A. Wilson,"My Brother, My Enemy, part 2",1956,,,1950s,Khrushchev
IL,,,Уилсон Ричард,Подвижник Гарри - виновник «утечки умов»: Рассказ,1985,,Richard Wilson,"Harry Protagonist, Brain-Drainer",1965,,,1980s,Gorbachev
IL,,,Уильямс Теннесси,Орфей спускается в ад: Драма в 3-х д.,1960,7,Tennessee Williams,Orpheus Descending ,1957,,,1960s,Khrushchev
IL,,,Уильямс Теннесси,Рассказы: Поле голубых детей,1978,3,Tennessee Williams,The Field of Blue Children,1939,,,1970s,Brezhnev
IL,,,Уильямс Теннесси,Поздравляю с десятым августом!,1978,3,Tennessee Williams,Happy August the Tenth,1974,,,1970s,Brezhnev
IL,,,Уормсер Ричард,Пан Сатирус в космосе: Фантастическая повесть,1966,"1, 2",Richard Wormser,Pan Satyrus,,,,1960s,Brezhnev
IL,,,Уортон Эдит,Слишком ранний рассвет: Рассказ,1984,12,Edith Wharton,False Dawn,,,,1980s,Chernenko
IL,,,Фантастические рассказы,чекнуть номер,1962,3,,,,,,1960s,Khrushchev
IL,,,Фаст Говард,История Лолы Грегг,1956,11,Howard Fast,The Story of Lola Gregg,1956,,,1950s,Khrushchev
IL,,,Фаст Говард,Христос в Куэрнаваке,1955,5,Howard Fast,Christ in Cuernavaca,1955,,,1950s,Khrushchev
IL,,,Фейфер Джулиус,Убийство в Белом доме: Пьеса в 2-х д.,1970,11,Jules Feiffer,The White hHouse Murder Case,1970,,,1970s,Brezhnev
IL,,,Фицджеральд Френсис Скотт,Как финансировали Финнегана,1980,2,F. Scott Fitzgerald,Financing Finnegan,1938,,,1980s,Brezhnev
IL,,,Фицджеральд Френсис Скотт,Опять Вавилон,1976,7,F. Scott Fitzgerald,Babylon Revisited,1931,,,1970s,Brezhnev
IL,,,Фицджеральд Френсис Скотт,Последний магнат: Роман,1977,"1, 2",F. Scott Fitzgerald,The Last Tycoon,1941,,,1970s,Brezhnev
IL,,,Фицджеральд Френсис Скотт,Рассказы о Голливуде: «Вскипятите воды и побольше»,1978,7,F. Scott Fitzgerald,Boil Some Water - Lots of It,1940,,,1970s,Brezhnev
IL,,,Фицджеральд Френсис Скотт,По следу Пата Хобби,1978,7,F. Scott Fitzgerald,On the Trail of Pat Hobby,1941,,,1970s,Brezhnev
IL,,,Фицджеральд Френсис Скотт,Пат Хобби играет роль,1978,7,F. Scott Fitzgerald,Pat Hobby Does His Bit,1940,,,1970s,Brezhnev
IL,,,Фолкнер Уильям,Дым,1957,12,William Faulkner,Smoke,,,,1950s,Khrushchev
IL,,,Фолкнер Уильям,Когда я умирала: Повесть,1990,8,William Faulkner,As I lay dying,1930,,,1990s,Gorbachev
IL,,,Фолкнер Уильям,Осквернитель праха: Роман,1968,"1, 2",William Faulkner,Intruder in the Dust,,,,1960s,Brezhnev
IL,,,Фолкнер Уильям,Особняк: Роман,1961,12-Sep,William Faulkner,The Mansion,,,,1960s,Khrushchev
IL,,,Фолкнер Уильям,Победа,1956,1,William Faulkner,Victory,,,,1950s,Khrushchev
IL,,,Фолкнер Уильям,Поджигатель,1958,8,William Faulkner,Barn Burning,,,,1950s,Khrushchev
IL,,,Фолкнер Уильям,Шум и ярость: Роман,1973,"1, 2",William Faulkner,The Sound and the Fury,,,,1970s,Brezhnev
IL,,,Фостер Алан Дин, На суд зрителей: Рассказ,1987,7,Alan Dean Foster,What do the Simple Folk Do?,,,,1980s,Gorbachev
IL,,,Фэллоу Л. М.,Собиратели пуговиц,1981,1,L. M. Fallaw,The Ugglian,1956,,,1980s,Brezhnev
IL,,,Хаджинс Барбара,Курс психологии для библиотечных работников,1977,7,,,,,,1970s,Brezhnev
IL,,,Халберстэм Дэвид,Один очень жаркий день: (Роман,1969,6,David Halberstam,One Very Hot Day,1967,,,1960s,Brezhnev
IL,,,Хаммер Арманд,Хаммер: Главы из книги. (При участии Нейла Линдона),1988,"2, 3",Armand Hammer,Hammer,1988,,,1980s,Gorbachev
IL,,,Хейли Артур,Аэропорт: Роман,1971,10-Aug,Arthur Hailey,Airport,1968,,,1970s,Brezhnev
IL,,,Хеллер Джозеф,Что-то случилось: Главы из книги,1978,4,Joseph Heller,Something Happened,1974,,,1970s,Brezhnev
IL,,,Хемингуэй Эрнест,Зеленые холмы Африки: Главы из книги,1959,7,Ernest Hemingway ,Green Hills of Africa,1935,,,1950s,Khrushchev
IL,,,Хемингуэй Эрнест,Ночь перед боем,1964,2,Ernest Hemingway ,Night Before Battle,1939,,,1960s,Brezhnev
IL,,,Хемингуэй Эрнест,Нужна собака-поводырь,1958,8,Ernest Hemingway ,Get a Seeing-Eyed Dog,1957,,,1950s,Khrushchev
IL,,,Хемингуэй Эрнест,О писательстве,1973,6,Ernest Hemingway ,On Writing,1972,,,1970s,Brezhnev
IL,,,Хемингуэй Эрнест,Опасное лето: Главы из новой книги,1961,2,Ernest Hemingway ,The Dangerous Summer,1960,,,1960s,Khrushchev
IL,,,Хемингуэй Эрнест,Острова в океане: Роман,1970,"11, 12",Ernest Hemingway ,Islands in the Stream,1970,,,1970s,Brezhnev
IL,,,Хемингуэй Эрнест,"Праздник, который всегда с тобой. (Страницы автобиографии)",1964,7,Ernest Hemingway ,A Moveable Feast,1964,,,1960s,Brezhnev
IL,,,Хемингуэй Эрнест,Разоблачение,1963,8,Ernest Hemingway ,The Denunciation,1938,,,1960s,Khrushchev
IL,,,Хемингуэй Эрнест,Старик и море: Повесть,1955,3,Ernest Hemingway ,The Old Man and the Sea,1952,,,1950s,Khrushchev
IL,,,Хови Тамара,Стремления маленькой  мошки: Повесть,1969,"11, 12",Tamara Hovey,ЖУРНАЛЬНАЯ ПУБЛИКАЦИЯ,,,,1960s,Brezhnev
IL,,,Хок Эдвард Д.,Самый лучший зоопарк: Рассказ,1985,11,Edward D. Hoch,Zoo,1958,,,1980s,Gorbachev
IL,,,Хьюз Лэнгстон,Его последний роман,1964,5,Langston Hughes,His Last Affair,,,,1960s,Brezhnev
IL,,,Хьюз Лэнгстон,Симпл предъявляет счет. (Рассказы): Гольф и гуф,1958,12,Langston Hughes,Golfing and Goofing,,,,1950s,Khrushchev
IL,,,Хьюз Лэнгстон,С благоразумной неторопливостью,1958,12,Langston Hughes,With All Deliberate Speed,,,,1950s,Khrushchev
IL,,,Хьюз Лэнгстон,Право и здравый смысл,1958,12,Langston Hughes,Reason and Right,,,,1950s,Khrushchev
IL,,,Хьюз Лэнгстон,Похороны Джи­ма Кроу,1958,12,Langston Hughes,Jim Crow’s Funeral,,,,1950s,Khrushchev
IL,,,Хьюз Лэнгстон,Неделя белой истории,1958,12,Langston Hughes,Four-Way Celebrations,,,,1950s,Khrushchev
IL,,,Хьюз Лэнгстон,Цвет кожи у них на уме,1958,12,Langston Hughes,Color on the Brain,,,,1950s,Khrushchev
IL,,,Хьюз Лэнгстон,Лицо и раса,1958,12,Langston Hughes,Face and Race,,,,1950s,Khrushchev
IL,,,Хьюз Лэнгстон,Скетч для телевидения,1958,12,Langston Hughes,Sketch for TV,,,,1950s,Khrushchev
IL,,,Хьюз Лэнгстон,Двух сторон мало,1958,12,Langston Hughes,Two Sides Not Enough,,,,1950s,Khrushchev
IL,,,Хьюз Лэнгстон,При чем тут сочувствие,1958,12,Langston Hughes,Duty Is Not Snooty,,,,1950s,Khrushchev
IL,,,Хьюз Лэнгстон,"Косточки, бомбы, куриные горлышки",1958,12,Langston Hughes,"Bones, Bombs, Chicken Necks",,,,1950s,Khrushchev
IL,,,Хьюз Лэнгстон,Помирать так с музыкой,1958,12,Langston Hughes,Bang-up Big End,,,,1950s,Khrushchev
IL,,,Хэммет Дэшил,106 Тысяч за Голову,1988,7,Dashiell Hammett,"$106,000 Blood Money",1927,,,1980s,Gorbachev
IL,,,Хэммет Дэшил,Большой Налет,1988,7,Dashiell Hammett,The Big Knockover,1948,,,1980s,Gorbachev
IL,,,Хэнсберри Лорейн,Изюминка на солнце: Драма в 3-х актах,1959,11,Lorraine Hansberry,A Raisin in the Sun,1959,,,1950s,Khrushchev
IL,,,Хэнсберри Лорейн,Плакат в окне Сиднея Брустайна: Пьеса  в  3-х д.,1968,3,Lorraine Hansberry,The Sign in Sidney Brustein's Window,1964,,,1960s,Brezhnev
IL,,,Хэнсон Майк,Найди свое!: Повесть,1985,7,Mike Hanson,Ransack,1980,,,1980s,Gorbachev
IL,,,Чивер Джон,Буллет-Парк: Роман,1970,"7, 8",John Cheever,Bullet Park,1969,,,1970s,Brezhnev
IL,,,Чивер Джон,Геометрия любви,1968,5,John Cheever,The Geometry of Love,1966,,,1960s,Brezhnev
IL,,,Чивер Джон,Жители пригорода,1976,7,John Cheever,The Country Husband,1954,,,1970s,Brezhnev
IL,,,Шарп Том,Дальний умысел: Роман,1987,"9, 10",Tom Sharpe,The Great Pursuit ,1977,,,1980s,Gorbachev
IL,,,Шварц Хиллел,Предрешенные выводы: легенда о 1000-м годе: Из книги «Конец века».,1991,6,Hillel Schwartz,Century's End,,,,1990s,Gorbachev
IL,,,Шедд Маргарет,Вечный свидетель,1970,5,Margaret Shedd,The Everlasting Witness,,,,1970s,Brezhnev
IL,,,Шекли Роберт,Загвоздка: Рассказ,1985,3,Robert Sheckley,Holdout,1957,,,1980s,Gorbachev
IL,,,Шекли Роберт,Поединок разумов: Рассказ,1987,7,Robert Sheckley,Meeting of the Minds,1962,,,1980s,Gorbachev
IL,,,Шекли Роберт,Совершенная женщина: Рассказ,1986,10,Robert Sheckley,The Perfect Woman,1953,,,1980s,Gorbachev
IL,,,Шекли Роберт,Терапия,1967,1,Robert Sheckley,Bad Medicine,1956,,,1960s,Brezhnev
IL,,,Шекли Роберт,Фантастические рассказы: Ордер на убийство,1965,5,Robert Sheckley,Skulking Permit,1955,,,1960s,Brezhnev
IL,,,Шекли Роберт,Минимум необходимого,1965,5,Robert Sheckley,Subsistence Level,1954,,,1960s,Brezhnev
IL,,,Шекли Роберт,Лавка миров,1965,5,Robert Sheckley,The Store of the World,1959,,first published in Playboy under the title «The World of Heart's Desire»,1960s,Brezhnev
IL,,,Шоу Ирвин,"Богач, бедняк...: Роман",1980,11-Aug,Irwin Shaw,"Rich Man, Poor Man",1970,,,1980s,Brezhnev
IL,,,Шоу Ирвин,Вечер в Византии: Роман,1975,"9, 10",Irwin Shaw,Evening in Byzantium,1973,,,1970s,Brezhnev
IL,,,Шоу Ирвин,Жители Венеры,1967,2,Irwin Shaw,The Inhabitants of Venus,1965,,,1960s,Brezhnev
IL,,,Шоу Ирвин,Как это принято у французов,1969,5,Irwin Shaw,In the French Style,1953,,published in the New Yorker,1960s,Brezhnev
IL,,,Шоу Ирвин,"Нищий, вор: Роман",1983,7-May,Irwin Shaw,"Beggarman, Thief",1977,,,1980s,Andropov
IL,,,Якокка Ли,Якокка: автобиография: Фрагменты книги. (При участии Уильяма Новака),1988,12,Lee Iacocca,Iacocca: An Autobiography,1986,,,1980s,Gorbachev
Vsesvit,,Mykytenko O. (1986-2000),Азімов Айзек,Зелені цяточки: Оповідання,1989,11,Isaac Asimov,Green Patches,1950,,"first published under the title ""Misbegotten Missionary"" in 1950, reprinted in 1969 under the new title",1980s,Gorbachev
Vsesvit,,Mykytenko O. (1986-2000),Азімов Айзек,І що воно таке - кохання?: Оповідання,1987,7,Isaac Asimov,What Is This Thing Called Love,1961,," first published in 1961 as ""Playboy and the Slime God"", later renamed uner the new title in 1969",1980s,Gorbachev
Vsesvit,,Poltoratskyy O. (1958-1971),Азімов Айзек,Сховище: Оповідання,1970,5,Isaac Asimov,"Foster, you're dead!",1955,,"short story by Philip K. Dick published under the title 'Foster, you're dead!' in 1955, was published in Ogonek in 1950s",1970s,Brezhnev
Vsesvit,,Korotych V. (1978-1986),Аллен Вуді,Бог: П’єса,1981,4,Woody Allen,God,1975,,"part of Without Feathers book, publisher Random Pinguin House",1980s,Brezhnev
Vsesvit,,Mykytenko O. (1986-2000),Аллен Вуді,Про мафію і про літературу: Гуморески,1991,7,Woody Allen,A Look at the Organized Crime,1970,,"Published in the New Yorker Magazine under the tutle ""A look at the organized crime', in journal mentioned like Woody Allen. Getting Even - Warner books",1990s,Gorbachev
Vsesvit,,Poltoratskyy O. (1958-1971),Апдайк Джон,Кизилове дерево: Оповідання,1969,12,John Updike,The Dogwood Tree: a Boyhood,1962,,published in Martin Levin's Five Boyhoods,1960s,Brezhnev
Vsesvit,,Mykytenko O. (1986-2000),Артур Роберт,Жартівник: Оповідання,1986,9,Robert Arthur Jr.,The Jokester,1952,,,1980s,Gorbachev
Vsesvit,,Poltoratskyy O. (1958-1971),Бартелм [Бартельм] Дональд,Геть корисні поради: Гумореска,1965,10,Donald Barthelme,Down the Line with the Annual,1964,,published in the New Yorker,1960s,Brezhnev
Vsesvit,,Mykytenko O. (1986-2000),Бах Річард,Ілюзії (Пригоди Месії мимоволі): Повість,1989,5,Richard Bach,Illusions: The Adventures of a Reluctant Messiah,1977,,,1980s,Gorbachev
Vsesvit,,Poltoratskyy O. (1958-1971),Бейкер С. & Герні Е,Як співіснувати з неврастенічним собакою: Гумореска,1968,7,Stephen Baker,How to Live With Neurotic Dog,1960,,,1960s,Brezhnev
Vsesvit,,Mykytenko O. (1986-2000),Беллоу Сол,"Гендерсон, повелитель дощу: Роман",1991,"6, 7, 8",Saul Bellow,Henderson the Rain King,1959,,,1990s,Gorbachev
Vsesvit,,Poltoratskyy O. (1958-1971),Бессі Альва,Символ: Роман,1971,"6, 7",Alvah Bessie,The Symbol,1966,,,1970s,Brezhnev
Vsesvit,,Poltoratskyy O. (1958-1971),Бестер Альфред,"Зачекайте хвилинку, будь ласка’: Оповідання",1971,5,Alfred Bester,Will you wait?,1959,,,1970s,Brezhnev
Vsesvit,,Mykytenko O. (1986-2000),Блетті Вільям Пітер,Екзорсист: Повість,1987,9,William Peter Blatty,The Exorcist,1971,,,1980s,Gorbachev
Vsesvit,,Korotych V. (1978-1986),Болл Джон,Розправа з біржовиками: Роман,1983,"9, 10, 11, 12",John Ball,The Killing in The Market,1978,,,1980s,Andropov
Vsesvit,,Korotych V. (1978-1986),Браун Фредерік [Фредрік],У кожного своє хобі: Оповідання,1983,7,Fredric Brown,Hobbyist,1961,,,1980s,Andropov
Vsesvit,,Korotych V. (1978-1986),Бредбері Рей,Велика пожежа,1984,1,Ray Bradbury,The Great Fire,1949,,originally puplished in Seventeen,1980s,Chernenko
Vsesvit,,Korotych V. (1978-1986),Бредбері Рей,Круки,1984,1,Ray Bradbury, A Flight of Ravens,1952,,originally piblished in California Quarterly in 1951,1980s,Chernenko
Vsesvit,,Korotych V. (1978-1986),Бредбері Рей,Жебрак на мосту О’Коннела,1984,1,Ray Bradbury,The Beggar on the Dublin Bridge,1961,,,1980s,Chernenko
Vsesvit,,Korotych V. (1978-1986),Бредбері Рей,Коли переносять могили,1984,1,Ray Bradbury,The Tombling Day,1952,,,1980s,Chernenko
Vsesvit,,Korotych V. (1978-1986),Бредбері Рей,Історія одного кохання,1984,1,Ray Bradbury,These Things Happen/Story of Love,1951,,,1980s,Chernenko
Vsesvit,,Korotych V. (1978-1986),Бредбері Рей,Далеко за північ: Оповідання,1984,1,Ray Bradbury,Long After Midnight,1976,,,1980s,Chernenko
Vsesvit,,Korotych V. (1978-1986),Бредбері Рей,Джордж Бернард Шоу - модель 5: Оповідання,1979,9,Ray Bradbury,G.B.S. - Mark 5,1976,,,1970s,Brezhnev
Vsesvit,,Poltoratskyy O. (1958-1971),Бредбері Рей,"Марсіанська хроніка: Фантаст, роман",1962,"5, 6",Ray Bradbury,The Martian Chronicles,1950,,,1960s,Khrushchev
Vsesvit,,Poltoratskyy O. (1958-1971),Бредбері Рей,Ракета: Оповідання,1964,11,Ray Bradbury,The Rocket,1950,,also included in The Illustrated Man collection ,1960s,Brezhnev
Vsesvit,,Mykytenko O. (1986-2000),Бредбері Рей,Смерть - діло самотнє: Роман,1988,"9, 10, 11",Ray Bradbury,Death Is a Lonely Business,1985,,,1980s,Gorbachev
Vsesvit,,Korotych V. (1978-1986),Бредбері Рей,"Той, що чекає",1983,6,Ray Bradbury,The One who Waits,1949,,"first published in 1949, but Vsesvit mentiones a collection from 1964 where this text was inclided",1980s,Andropov
Vsesvit,,Korotych V. (1978-1986),Бредбері Рей,Убивця: Оповідання,1983,6,Ray Bradbury,The Murderer,1952,,,1980s,Andropov
Vsesvit,,Korotych V. (1978-1986),Бредбері Рей,Усмішка: Оповідання,1985,1,Ray Bradbury,The Smile,1952,,,1980s,Gorbachev
Vsesvit,,Poltoratskyy O. (1958-1971),Бухвальд Ap,Педагог,1970,4,Art Buchwald,,,,,1970s,Brezhnev
Vsesvit,,Poltoratskyy O. (1958-1971),Бухвальд Ap,Несправжній американець: Фейлетони,1970,4,Art Buchwald,,,,,1970s,Brezhnev
Vsesvit,,Poltoratskyy O. (1958-1971),Бухвальд Ap,Сер Уїнстон [Черчілль] - американець: Фейлетон,1963,12,Art Buchwald,,,,,1960s,Khrushchev
Vsesvit,,Mykytenko O. (1986-2000),Вассермен Дейл,А за тим пропав і слід (Політ над гніздом зозулі): П’єса за романом Кена Кізі,1987,3,Dale Wasserman,One Flew Over the Cuckoo's Nest,1962,,,1980s,Gorbachev
Vsesvit,,Mykytenko O. (1986-2000),Відал Гор,Сотворіння світу: Роман,1989,"1, 2, 3, 4",Gore Vidal,Creation,1981,,,1980s,Gorbachev
Vsesvit,,Mykytenko O. (1986-2000),Вілсон Колін,Паразити свідомості: Роман,1988,"4, 5",Colin Wilson,The Mind Parasites,1967,,,1980s,Gorbachev
Vsesvit,,Korotych V. (1978-1986),Воннегут Курт,"Балаган, або Кінець самотності!: Роман",1984,12,Kurt Vonnegut,"Slapstick, or Lonesome No More!",1976,,,1980s,Chernenko
Vsesvit,,Korotych V. (1978-1986),Воннегут Курт,"Все завтра, та все завтра, та все завтра: Оповідання",1979,9,Kurt Vonnegut,Tomorrow and Tomorrow and Tomorrow/The Big Trip Up Yonder,1954,,,1970s,Brezhnev
Vsesvit,,Mykytenko O. (1986-2000),Воннегут Курт,Галапагос: Роман,1990,"8, 9",Kurt Vonnegut,Galápagos,1985,,,1990s,Gorbachev
Vsesvit,,Korotych V. (1978-1986),Воннегут Курт,Сила духу: Новела-сценарій,1983,6,Kurt Vonnegut,Fortitude,1968,,,1980s,Andropov
Vsesvit,,Mykytenko O. (1986-2000),Вудгаус Пелем Гренвілл,Дивовижна пригода з натурником: Гумореска,1988,3,P. G. Wodehouse,Strange Experience of an Artist's Model,1921,Humor short story,"was born and raised in Great Britain, but his works were wrtitten in the US",1980s,Gorbachev
Vsesvit,,Pavlychko D. (1971-1978),Вулф Томас,"Додому нема вороття: Урив, з роману",1973,"5, 6, 7",Thomas Wolfe,You Can't Go Home Again,1940,,,1970s,Brezhnev
Vsesvit,,Poltoratskyy O. (1958-1971),Галпер Альберт,Юніон-сквер: Роман,1970,"4, 5",Albert Halper,Union Square,1933,,,1970s,Brezhnev
Vsesvit,,Korotych V. (1978-1986),Гаррісон Вільям,Ролербол: Оповідання,1980,6,William Harrison,Roller Ball Murder,1974,,,1980s,Brezhnev
Vsesvit,,Mykytenko O. (1986-2000),Гаррісон Гаррі,"Білл, герой Галактики: Роман",1991,5,Harry Harrison,"Bill, The Galactic Hero",1965,,,1990s,Gorbachev
Vsesvit,,Pavlychko D. (1971-1978),Гоч Едвард [Едвард Д.],Я тебе всюди впізнаю: Оповідання,1972,11,Edward D. Hoch,I'd Know You Anywhere,1963,Thriller,,1970s,Brezhnev
Vsesvit,,Poltoratskyy O. (1958-1971),Грехем Маргарет,"Щоб легше дихалось: [Урив, з роману]",1958,2,,,,,,1950s,Khrushchev
Vsesvit,,Mykytenko O. (1986-2000),Дідіон Джоан,Демократія: Роман,1988,1,Joan Didion,Democracy,1984,,,1980s,Gorbachev
Vsesvit,,Korotych V. (1978-1986),Доктороу Едгар Лоренс,Озеро Гагари: Роман,1982,,E. L. Doctorow,Loon Lake,1980,,,1980s,Andropov
Vsesvit,,Korotych V. (1978-1986),Доктороу Едгар Лоренс,Регтайм: Роман,1978,,E. L. Doctorow,Ragtime,1975,,,1970s,Brezhnev
Vsesvit,,Mykytenko O. (1986-2000),Донліві Дж. П,Люба Сільвіє!.. Любий Хьюго!..: Гумореска,1989,,J. P. Donleavy,Dear Sylvia! Dear Hugo!,1964,,"part of Meet My Maker the Mad Molecule (stories/sketches) Atlantic-Little, Brown, Boston 1964",1980s,Gorbachev
Vsesvit,,Mykytenko O. (1986-2000),Каммінгс Едвард Естлін,Я: шість нелекцій: Есе,1991,,E. E. Cummings,I - six nonlectures,1953,,,1990s,Gorbachev
Vsesvit,,Mykytenko O. (1986-2000),Капоте Трумен,Музика для хамелеонів: Оповідання,1987,,Truman Capote,Music For Chamelions,1980,,,1980s,Gorbachev
Vsesvit,,Mykytenko O. (1986-2000),Капоте Трумен,Одного різдва: Оповідання,1987,,Truman Capote,One Christmas,1983,,,1980s,Gorbachev
Vsesvit,,Poltoratskyy O. (1958-1971),Карр Е,Викрадено кішку: Оповідання,1966,,A. H. Z. Carr,A Case of Catnapping,1954,,,1960s,Brezhnev
Vsesvit,,Mykytenko O. (1986-2000),Каттнер Генрі,"Те, що вам треба: Оповідання",1988,,Henry Kuttner,What You Need,1945,,was published under the pseudonym Lewis Padgett,1980s,Gorbachev
Vsesvit,,Mykytenko O. (1986-2000),Квін Еллері,Божий світильник: Повість,1989,,Ellery Quinn,The Lamp of God,1935,,,1980s,Gorbachev
Vsesvit,,Korotych V. (1978-1986),Кейдін Мартін,Майже опівночі: Роман,1984,,Martin Caidin,Almost Midnight,1971,,,1980s,Chernenko
Vsesvit,,Korotych V. (1978-1986),Келлер Девід,Клапоть лінолеуму: Оповідання,1981,,David Henry Keller,A Piece of Linoleum,1933,,was published under the pseudonym Amy Worth,1980s,Brezhnev
Vsesvit,,Mykytenko O. (1986-2000),Кепп Ел,Лисий Горел: Комікс,1990,,Al Kapp,The Bald Iggle/From Li'l Abner series,1955,,,1990s,Gorbachev
Vsesvit,,Korotych V. (1978-1986),Керуак Джек,Малий Пік: Повість,1979,,Jack Kerouac,Pic,1971,,,1970s,Brezhnev
Vsesvit,,Mykytenko O. (1986-2000),Кінг Стівен,Переслідуваний: Роман,1991,,Stephen King,The Running Man,1982,,"first published underthe  pseudonym Richard Bachman, in 1985 it was collected in The Bachman Books",1990s,Gorbachev
Vsesvit,,Poltoratskyy O. (1958-1971),Клейтон Джон Белл,Біле коло,1959,,John Bell Clayton,The White Circle,1947,,,1950s,Khrushchev
Vsesvit,,Poltoratskyy O. (1958-1971),Клейтон Джон Белл,Випадок на Чепмен Свич,1959,,John Bell Clayton,Incident at Chapman's Switch,1957,,"can't find the original date, but it  was included in The Strangers Were There collection",1950s,Khrushchev
Vsesvit,,Poltoratskyy O. (1958-1971),Клейтон Джон Белл,"Щаслива історія, коли розповісти її з кінця: Оповідання",1959,,John Bell Clayton,A Happy Story When Seen Backwards,1957,,,1950s,Khrushchev
Vsesvit,,Poltoratskyy O. (1958-1971),Колдуелл Ерскін,Лампа горить цілу ніч: Роман,1962,,Erskine Caldwell,A Lamp for Nightfall,1952,,,1960s,Khrushchev
Vsesvit,,Pavlychko D. (1971-1978),Колдуелл Ерскін,Смоленська дорога: Нариси,1975,,Erskine Caldwell,All-Out on the Road to Smolensk,1942,,,1970s,Brezhnev
Vsesvit,,Poltoratskyy O. (1958-1971),Коннел Івен С. ,Мелвін стає абстракціоністом: Розд. з роману «Патріот»,1963,,Evan S. Connell,The  Patriot,1960,,,1960s,Khrushchev
Vsesvit,,Poltoratskyy O. (1958-1971),Коул Берт,Вулкан Субі: Роман,1959,,Burt Cole,Subi: The Volcano,1957,,,1950s,Khrushchev
Vsesvit,,Mykytenko O. (1986-2000),Кук Робін,Мозок: Роман,1989,,Robin Cook,Brain,1980,Medical thriller,,1980s,Gorbachev
Vsesvit,,Poltoratskyy O. (1958-1971),Ларднер Рінг,День Конрада Гріна: Оповідання,1971,,Ring Lardner,A Day with Conrad Green,1929,,,1970s,Brezhnev
Vsesvit,,Poltoratskyy O. (1958-1971),Ларднер Рінг,Моє виправдання: Оповідання,1970,,Ring Lardner,Ex Parte,1929,,,1970s,Brezhnev
Vsesvit,,Mykytenko O. (1986-2000),Ле Гуїн Урсула,"Слово, що звільняє: Оповідання",1991,,Ursula K. Le Guin,The Word of Unbinding,1964,speculative fiction,first published In Fantastic magazine - digest size fantasy and science fiction magazine,1990s,Gorbachev
Vsesvit,,Mykytenko O. (1986-2000),Ліві Ньюмен,Седрік та його хрещений батько: Гумореска,1988,,Newman Levy,Cedric's Fairy Godfather,1958,Humor short story,,1980s,Gorbachev
Vsesvit,,Poltoratskyy O. (1958-1971),Ліггет Б,Любитель кішок: Оповідання,1969,,Byron Liggett,The Cat Man,1960,,,1960s,Brezhnev
Vsesvit,,Korotych V. (1978-1986),Макграт Томас,Ворота облуди і ворота правди: Повість,1984,,Thomas McGrath,"The Gates of Ivory, the Gates of Horn",1957,,,1980s,Chernenko
Vsesvit,,Korotych V. (1978-1986),Маккаллерс Карсон,Балада про сумне кафе: Повість,1983,,Carson McCullens,The Ballad of the Sad Café,1951,,,1980s,Andropov
Vsesvit,,Mykytenko O. (1986-2000),Маккаллерс Карсон,Мадам Зіленська і король Фінляндії: Оповідання,1991,,Carson McCullens,Madame Zilensky and the King of Finland,1951,,,1990s,Gorbachev
Vsesvit,,Korotych V. (1978-1986),Маккол Ден,Незграба Джек: Роман,1980,,Dan McCall,Jack the Bear,1974,,,1980s,Brezhnev
Vsesvit,,Korotych V. (1978-1986),Марч Вільям,Біллові очі: Оповідання,1984,,William March,Bill's Eyes,1939,,,1980s,Chernenko
Vsesvit,,Pavlychko D. (1971-1978),Марч Вільям,Дружинонька: Новела,1977,,William March,The Little Wife,1935,,,1970s,Brezhnev
Vsesvit,,Poltoratskyy O. (1958-1971),Мейфілд Джуліан,Довга ніч: Повість,1970,,Julian Mayfield,The Long Night,1958,,,1970s,Brezhnev
Vsesvit,,Pavlychko D. (1971-1978),Мелвілл Герман,"Біллі Бад, формарсовий матрос: Повість",1977,,Herman Melville,"Billy Budd, Sailor",1924,,,1970s,Brezhnev
Vsesvit,,Korotych V. (1978-1986),Метесон Річард,Двобій: Оповідання,1982,,Richard Matheson,Duel,1971,,,1980s,Andropov
Vsesvit,,Poltoratskyy O. (1958-1971),Міддоу Дж,Смерть Томмі Граймса: Оповідання,1963,,R. J. Meaddough,The Death of Tommy Grimes,1962,,,1960s,Khrushchev
Vsesvit,,Poltoratskyy O. (1958-1971),Міен Томас,Кіноконцентрат: Оповідання,1964,,,,,,,1960s,Brezhnev
Vsesvit,,Poltoratskyy O. (1958-1971),Міен Томас,Розчинити за смаком: Оповідання,1964,,,,,,,1960s,Brezhnev
Vsesvit,,Pavlychko D. (1971-1978),О’Коннор Фланнері,Урожай: Новела,1977,,Flannery O'Connor,The Crop,1971,,,,
Vsesvit,,Poltoratskyy O. (1958-1971),Олбі Едвард,Смерть Бессі Сміт: П’єса,1964,,Edward Albee,The Death of Bessie Smith,1960,,,1960s,Brezhnev
Vsesvit,,Poltoratskyy O. (1958-1971),Олбрайт Джон,Заборона: Оповідання,1963,,,,,,,1960s,Khrushchev
Vsesvit,,Poltoratskyy O. (1958-1971),Олгрен Нельсон,Пляшка молока для матері: Оповідання,1961,,Nelson Algren,A Bottle of Milk for Mother,1941,,,1960s,Khrushchev
Vsesvit,,Pavlychko D. (1971-1978),Оутс Джойс Керол,Перша сутичка,1977,,Joyce Carol Oates,First Views of the Enemy,,,,1970s,Brezhnev
Vsesvit,,Pavlychko D. (1971-1978),Оутс Джойс Керол,Норман і вбивця,1977,,Joyce Carol Oates,Norman And the Killer,1966,,,1970s,Brezhnev
Vsesvit,,Pavlychko D. (1971-1978),Оутс Джойс Керол,Після аварії,1977,,Joyce Carol Oates,Convalescing,1970,,,1970s,Brezhnev
Vsesvit,,Pavlychko D. (1971-1978),Оутс Джойс Керол,Безпритульні діти: Оповідання,1977,,Joyce Carol Oates,Stray Children,1972,,,1970s,Brezhnev
Vsesvit,,Pavlychko D. (1971-1978),О’Хара Джон,Гроші: Новела,1977,,John O'Hara,Money,1962,published in the New Yorker,,1970s,Brezhnev
Vsesvit,,Pavlychko D. (1971-1978),Портер Кетрін Енн,Корабель блазнів: Роман,1978,,Katherine Anne Porter,Ship of Fools,1962,,,1970s,Brezhnev
Vsesvit,,Pavlychko D. (1971-1978),П’юзо Маріо,Хрещений батько: Роман,1973,,Mario Puzo,Godfather,1969,,,1970s,Brezhnev
Vsesvit,,Mykytenko O. (1986-2000),Рейнолдс Мак,Концентратор нещасть: Оповідання,1987,,Mack Reynolds,Prone,1954,Science fiction,first published in the Magazine of Fantasy and Science Fiction,1980s,Gorbachev
Vsesvit,,Korotych V. (1978-1986),Руні Френк,Мотоциклісти: Оповідання,1982,,Frank Rooney,Ciclists' Raid,1951,,,1980s,Andropov
Vsesvit,,Poltoratskyy O. (1958-1971),Сакстон Александр,Ясна павутинка в темряві: Роман,1965,,Alexander Saxton,The Bright Web in the Darkness,1958,,,1960s,Brezhnev
Vsesvit,,Poltoratskyy O. (1958-1971),Саллівен Френк,"Містер Арбатнот визначає, що таке кохання: Гумореска",1964,,Frank Sullivan,The Cliché Expert Testifies on Love,1935,Humor short story,Published in the New Yorker Magazine,1960s,Brezhnev
Vsesvit,,Pavlychko D. (1971-1978),Сароян Вільям,Літо прегарного білого коня: Новела,1977,,William Saroyan,The Summer of the Beautiful White Horse,1940,,,1970s,Brezhnev
Vsesvit,,Poltoratskyy O. (1958-1971),Сароян Вільям,"Любов, смерть, самопожертва і так далі: Оповідання",1963,,William Saroyan,"Love, Death, Sacrifice and So Forth",1934,,,1960s,Khrushchev
Vsesvit,,Poltoratskyy O. (1958-1971),Сароян Вільям,Люди в печері: П’єса,1961,,William Saroyan,The Cave Dwellers,1958,,,1960s,Khrushchev
Vsesvit,,Poltoratskyy O. (1958-1971),Сароян Вільям,Сумна історія: Роман,1968,,William Saroyan,The Laughing Matter/A Secret Story,1953,,,1960s,Brezhnev
Vsesvit,,Korotych V. (1978-1986),Семсон Джоан,Аукціоніст: Роман,1982,,Joan Samson,The Auctioneer,1976,,,1980s,Andropov
Vsesvit,,Pavlychko D. (1971-1978),Сігел Ерік,Історія одного кохання: Роман,1976,,Erich Segal,Love Story,1970,,,1970s,Brezhnev
Vsesvit,,Poltoratskyy O. (1958-1971),Стевіс Беррі,"Людина, що ніколи не вмирала: П’єса",1963,,Barrie Stavis,The Man Who Never Died,1954,,,1960s,Khrushchev
Vsesvit,,Poltoratskyy O. (1958-1971),Стейнбек Джон,Біла куріпка,1964,,John Steinbeck,The White Quail,1938,,,1960s,Brezhnev
Vsesvit,,Poltoratskyy O. (1958-1971),Стейнбек Джон,Втеча,1964,,John Steinbeck,Flight,1938,,,1960s,Brezhnev
Vsesvit,,Poltoratskyy O. (1958-1971),Стейнбек Джон,Династія Уайтсайдів,1964,,John Steinbeck,The Pastures of Heaven. Chapter XI,1932,,,1960s,Brezhnev
Vsesvit,,Poltoratskyy O. (1958-1971),Стейнбек Джон,Дім Пета Гамберта,1964,,John Steinbeck,The Pastures of Heaven. Chapter X,1932,,,1960s,Brezhnev
Vsesvit,,Poltoratskyy O. (1958-1971),Стейнбек Джон,Свята діва Кеті,1964,,John Steinbeck,Saint Katy the Virgin,1938,,,1960s,Brezhnev
Vsesvit,,Poltoratskyy O. (1958-1971),Стейнбек Джон,Хризантеми,1964,,John Steinbeck,The Chrysanthemums,1938,,,1960s,Brezhnev
Vsesvit,,Poltoratskyy O. (1958-1971),Стейнбек Джон,Сестри Лопес: Оповідання,1964,,John Steinbeck,The Pastures of Heaven. Chapter VII,1932,,,1960s,Brezhnev
Vsesvit,,Poltoratskyy O. (1958-1971),Стейнбек Джон,Консервний Рад: Повість,1965,,John Steinbeck,Cannery Row,1945,,,1960s,Brezhnev
Vsesvit,,Mykytenko O. (1986-2000),Стоун Ірвінг,Бунт розуму: Роман,1991,,Irving Stone,The Passions of the Mind,1971,,,1990s,Gorbachev
Vsesvit,,Poltoratskyy O. (1958-1971),Стоун Ірвінг,Як створювалась «Пієта»: Повість,1966,,Irving Stone,The Story of Michelangelo's Pieta,1961,,,1960s,Brezhnev
Vsesvit,,Poltoratskyy O. (1958-1971),Стоун Філіп Олстон,Тікати нікуди: Роман,1963,,Philip Alston Stone,No Place to Run,1959,,,1960s,Khrushchev
Vsesvit,,Korotych V. (1978-1986),Суонн Томас Бернетт,Ніч єдинорога: Оповідання,1982,,Thomas Burnett Swann,The Night of the Unicorn,1975,fantasy,,1980s,Andropov
Vsesvit,,Korotych V. (1978-1986),Ташнет Леонард,Практична людина: Оповідання,1981,,Leonard Tushnet,A Practical invention,1972,Science fiction,published in Fantasy and Science Fiction,1980s,Brezhnev
Vsesvit,,Poltoratskyy O. (1958-1971),Торбер [Тербер; Тарбер] Джеймс,Дві баєчки: Миролюбний Мангуст,1966,,James Thurber,Peacelike mongoose,1956,fable,Further Fables for Our Time by New Yorker,1960s,Brezhnev
Vsesvit,,Poltoratskyy O. (1958-1971),Торбер [Тербер; Тарбер] Джеймс,"Про тигра, який хотів бути царем",1966,,James Thurber,The Tiger Who Would Be King,1956,fable,Further Fables for Our Time by New Yorker,1960s,Brezhnev
Vsesvit,,Korotych V. (1978-1986),Торбер [Тербер; Тарбер] Джеймс,Док Марло: Оповідання,1984,,James Thurber,Doc Marlowe,1935,,first published in the New Yorker,1980s,Chernenko
Vsesvit,,Poltoratskyy O. (1958-1971),Торбер [Тербер; Тарбер] Джеймс,Обранець народу: Оповідання,1970,,James Thurber,But Few are Chosen,1930,,,1970s,Brezhnev
Vsesvit,,Korotych V. (1978-1986),Торбер [Тербер; Тарбер] Джеймс,Таємне життя Уолтера Миті: Оповідання,1982,,James Thurber,The Secret Life of Walter Mitty,1939,,,1980s,Andropov
Vsesvit,,Poltoratskyy O. (1958-1971),Торбер [Тербер; Тарбер] Джеймс,Тринадцять дзигарів,1967,,James Thurber,The 13 Clocks,1950,,,1960s,Brezhnev
Vsesvit,,Poltoratskyy O. (1958-1971),Торбер [Тербер; Тарбер] Джеймс,Дивовижне «О»: Оповідання,1967,,James Thurber,The wonderful O,1957,,,1960s,Brezhnev
Vsesvit,,Pavlychko D. (1971-1978),Трейсі Вірджінія,Громовержець: Оповідання,1972,,,,,,,1970s,Brezhnev
Vsesvit,,Pavlychko D. (1971-1978),Уелті Юдора,Дочка оптиміста: Повість,1974,,Eudora Welty,The Optimist's Daughter ,1969,,first published in the New Yorker,1970s,Brezhnev
Vsesvit,,Korotych V. (1978-1986),"Уест, Морріс",Репортаж,1981,,,,,,,,
Vsesvit,,Pavlychko D. (1971-1978),Уїльямс Теннесі,З десятим серпня!: Новела,1977,,Tennessee Williams,Happy August the Tenth,1974,,,1970s,Brezhnev
Vsesvit,,Korotych V. (1978-1986),"Уокер, Івен",Випадок у Гарлемі,1982,,,,,,,,
Vsesvit,,Korotych V. (1978-1986),Фармер Філіп Хосе,Наперекір тількивівторковому світу: Оповідання,1983,,Philip José Farmer,The Sliced-Crosswise Only-On-Tuesday World,1971,Science fiction,,1980s,Andropov
Vsesvit,,Mykytenko O. (1986-2000),Фелсен Генрі Грегор,Самогубство з сотнею доларів: Оповідання,1991,,Henry Gregor Felsen,The Hundred Dollar Suicide ,1956,,published in Playboy,1990s,Gorbachev
Vsesvit,,Pavlychko D. (1971-1978),Фіцджеральд Френсіс Скотт,Повернення до Вавілона: Оповідання,1976,,F. Scott Fitzgerald,Babylon Revisited,1931,,,1970s,Brezhnev
Vsesvit,,Korotych V. (1978-1986),Фіш Роберт,Напад на літак: Оповідання,1982,,Robert L. Fish,Hijack,1972,crime fiction/detective,,1980s,Andropov
Vsesvit,,Korotych V. (1978-1986),Фолкнер Вільям,В свою останню годину: Роман,1986,,William Faulkner,As I lay dying,1930,,,1980s,Gorbachev
Vsesvit,,Pavlychko D. (1971-1978),Фолкнер Вільям,Домашнє вогнище: Повість,1975,,William Faulkner,The  Fire and the Heart,1942,,,1970s,Brezhnev
Vsesvit,,Pavlychko D. (1971-1978),Фолкнер Вільям,Еллі: Новела,1977,,William Faulkner,Elly,1934,,"bibliography says 1934, vsesvit says 1931",1970s,Brezhnev
Vsesvit,,Pavlychko D. (1971-1978),Фолкнер Вільям,Жила собі королева: Оповідання,1975,,William Faulkner,There Was a Queen,1933,,,1970s,Brezhnev
Vsesvit,,Pavlychko D. (1971-1978),Фолкнер Вільям,Золотий край,1971,,William Faulkner,Golden Land,1935,,,1970s,Brezhnev
Vsesvit,,Pavlychko D. (1971-1978),Фолкнер Вільям,Завтра і позавтра...: Оповідання,1971,,William Faulkner,Tomorrow,1940,,,1970s,Brezhnev
Vsesvit,,Poltoratskyy O. (1958-1971),Фолкнер Вільям,Крадії: Роман,1970,,William Faulkner,The Reivers,1962,,,1970s,Brezhnev
Vsesvit,,Poltoratskyy O. (1958-1971),Фолкнер Вільям,Пенсільванський вокзал,1960,,William Faulkner,Pennsylvania Station,1934,,,1960s,Khrushchev
Vsesvit,,Poltoratskyy O. (1958-1971),Фолкнер Вільям,Два солдати,1960,,William Faulkner,Two Soldiers,1942,,,1960s,Khrushchev
Vsesvit,,Poltoratskyy O. (1958-1971),Фолкнер Вільям,Не загинуть!,1960,,William Faulkner,Shall Not Perish,1943,,,1960s,Khrushchev
Vsesvit,,Poltoratskyy O. (1958-1971),Фолкнер Вільям,Велетні,1960,,William Faulkner,The Tall Man,1941,,,1960s,Khrushchev
Vsesvit,,Poltoratskyy O. (1958-1971),Фолкнер Вільям,І все буде чудово,1960,,William Faulkner,That Will Be Fine,1935,,,1960s,Khrushchev
Vsesvit,,Poltoratskyy O. (1958-1971),Фолкнер Вільям,Старий: Повість,1962,,William Faulkner,The Old People,1940,,,1960s,Khrushchev
Vsesvit,,Mykytenko O. (1986-2000),Хайнлайн Роберт,А ще ми прогулюємо собак: Оповідання,1991,,Robert A. Heinlein,We Also Walk Dogs,1941,Science fiction,First published in Astounding Science Fiction as by Anson MacDonald,1990s,Gorbachev
Vsesvit,,Mykytenko O. (1986-2000),Хантер Івен,День народження: Оповідання,1991,,Evan Hunter,The Birthday Party,1965,,"was published in Playboy in 1966, vsesvit refers to a carnival of modern humour by delacorte press 1967",1990s,Gorbachev
Vsesvit,,Poltoratskyy O. (1958-1971),Хантер Івен,Шкільні джунглі: Роман,1967,,Evan Hunter,The Blackboard Jungle,1954,,,1960s,Brezhnev
Vsesvit,,Pavlychko D. (1971-1978),Хейлі Артур,Готель: Роман,1972,,Arthur Hailey,Hotel,1956,,,1970s,Brezhnev
Vsesvit,,Korotych V. (1978-1986),Хелман Ліліан,Джулія: Повість,1985,,Lillian Hellman,Pentimento: A Book of Portraits. Julia,1973,,Pentimento contains a section about an anti-nazi activist named Julia,1980s,Gorbachev
Vsesvit,,Poltoratskyy O. (1958-1971),Хемінгуей Ернест,За ким сумує дзвін: Роман,1969,,Ernest Hemingway ,For whom the Bell Tolls,1940,,,1960s,Brezhnev
Vsesvit,,Korotych V. (1978-1986),Хемінгуей Ернест,Після дощу: Новела,1979,,Ernest Hemingway ,Che ti dice la Patria,1927,,,1970s,Brezhnev
Vsesvit,,Korotych V. (1978-1986),Хемінгуей Ернест,Постріл: Новела,1979,,Ernest Hemingway ,The Shot,1951,,,1970s,Brezhnev
Vsesvit,,Pavlychko D. (1971-1978),Хемінгуей Ернест,Три постріли,1975,,Ernest Hemingway ,Three Shots,1972,,,1970s,Brezhnev
Vsesvit,,Pavlychko D. (1971-1978),Хемінгуей Ернест,Індіанці виїхали,1975,,Ernest Hemingway ,The Indians Moved Away,1972,,,1970s,Brezhnev
Vsesvit,,Pavlychko D. (1971-1978),Хемінгуей Ернест,Останній незайманий край,1975,,Ernest Hemingway ,The Last Good Country,1972,,,1970s,Brezhnev
Vsesvit,,Pavlychko D. (1971-1978),Хемінгуей Ернест,Переїзд через Міссісіпі,1975,,Ernest Hemingway ,Crossing the Missiissippi,1972,,,1970s,Brezhnev
Vsesvit,,Pavlychko D. (1971-1978),Хемінгуей Ернест,Остання ніч у морі,1975,,Ernest Hemingway ,Night Before Landing,1972,,,1970s,Brezhnev
Vsesvit,,Pavlychko D. (1971-1978),Хемінгуей Ернест,День одруження,1975,,Ernest Hemingway ,Wedding Day,1972,,,1970s,Brezhnev
Vsesvit,,Pavlychko D. (1971-1978),Хемінгуей Ернест,Про творчість: 3 неопублікованого,1975,,Ernest Hemingway ,On Writing,1972,,,1970s,Brezhnev
Vsesvit,,Mykytenko O. (1986-2000),Хеммет Дешіл,Королівські клопоти: Повість,1991,,Dashiell Hammet,This King Business,1928,Detective,,1990s,Gorbachev
Vsesvit,,Mykytenko O. (1986-2000),Холдінг Джеймс,Пристойна ціна за картину: Оповідання,1991,,James Holding,A Decent Price for a Painting,1982,Detective/Mystery,,1990s,Gorbachev
Vsesvit,,Korotych V. (1978-1986),Хорген Пол,Медовий місяць по-американському: Оповідання,1981,,Paul Horgan,National Honeymoon,1967,,"was included in The Peach Stone: Stories from Four Decades  collections printed in 1967, but according to the chronology was written/published in 1950",1980s,Brezhnev
Vsesvit,,Poltoratskyy O. (1958-1971),Х’юз Ленгстон,Перепис,1970,,Langston Hughes,Census,1965,,,1970s,Brezhnev
Vsesvit,,Poltoratskyy O. (1958-1971),Х’юз Ленгстон,Порожні будинки,1970,,Langston Hughes,Empty Houses,1965,,,1970s,Brezhnev
Vsesvit,,Poltoratskyy O. (1958-1971),Х’юз Ленгстон,Яхти,1970,,Langston Hughes,Yachts ,1965,,,1970s,Brezhnev
Vsesvit,,Poltoratskyy O. (1958-1971),Х’юз Ленгстон,Пригоди гарантовано,1970,,Langston Hughes,Adventure,1965,,,1970s,Brezhnev
Vsesvit,,Poltoratskyy O. (1958-1971),Х’юз Ленгстон,Золота брама,1970,,Langston Hughes,Golden Gate,1965,,,1970s,Brezhnev
Vsesvit,,Poltoratskyy O. (1958-1971),Х’юз Ленгстон,Співачки від Євангелія,1970,,Langston Hughes,Gospel Singers,1965,,,1970s,Brezhnev
Vsesvit,,Poltoratskyy O. (1958-1971),Х’юз Ленгстон,Бомбосховища,1970,,Langston Hughes,Bomb Shelters,1965,,,1970s,Brezhnev
Vsesvit,,Poltoratskyy O. (1958-1971),Х’юз Ленгстон,Ліворуч від господа,1970,,Langston Hughes,God's Other Side,1965,,,1970s,Brezhnev
Vsesvit,,Poltoratskyy O. (1958-1971),Х’юз Ленгстон,Конкурс,1970,,Langston Hughes,Contest,1965,,,1970s,Brezhnev
Vsesvit,,Poltoratskyy O. (1958-1971),Х’юз Ленгстон,Статути і статуї,1970,,Langston Hughes,Statuteas and Statues,1965,,,1970s,Brezhnev
Vsesvit,,Poltoratskyy O. (1958-1971),Х’юз Ленгстон,Виставляймося,1970,,Langston Hughes,Pose-Outs ,1965,,,1970s,Brezhnev
Vsesvit,,Poltoratskyy O. (1958-1971),Х’юз Ленгстон,Дядько Сем,1970,,Langston Hughes,Uncle Sam ,1965,,,1970s,Brezhnev
Vsesvit,,Mykytenko O. (1986-2000),Чандлер [Чендлер] Реймонд,Завіса: Повість,1991,,Raymond Chandler,The Curtain,1936,,"first published in Black Mask, later part of Killer in the Rain collection published by Hamish Hamilton, London, 1964",1990s,Gorbachev
Vsesvit,,Mykytenko O. (1986-2000),Чандлер [Чендлер] Реймонд,Золоті рибки: Повість,1988,,Raymond Chandler,Goldfish,1936,,"first published in Black Mask, later part if Five Murders collection, published by Avon Books in 1944, New York and in 1946 by Worls Publishong Co, Cleveland, OH, in The simple Art of Murder in 1950 etc - many other places",1980s,Gorbachev
Vsesvit,,Korotych V. (1978-1986),Чандлер [Чендлер] Реймонд,Постріли в ресторані Сірано: Повість,1980,,Raymond Chandler,Guns at Cyrano's,1936,,"first published in Black Mask, later part of Red wind collection, published in 1946 by Worls Publishong Co, Cleveland, OH",1980s,Brezhnev
Vsesvit,,Mykytenko O. (1986-2000),Чандлер [Чендлер] Реймонд,Убивство під час дощу: Повість,1989,,Raymond Chandler,Killer in the Rain,1935,,"first published in Black Mask, later part of Killer in the Rain collection published by Hamish Hamilton, London, 1964",1980s,Gorbachev
Vsesvit,,Korotych V. (1978-1986),Чівер Джон,Принади самотності: Оповідання,1983,,John Cheever,The Pleasures of Solitude,1942,,"first published in the New Yorker, later was part of The Way Some people live collection published in 1943",1980s,Andropov
Vsesvit,,Korotych V. (1978-1986),Чівер Джон,"«Прокидайся, брате Жаку...»: Оповідання",1983,,John Cheever,Frère Jacques,1938,,published in the Atlantic magazine,1980s,Andropov
Vsesvit,,Mykytenko O. (1986-2000),Шеклі Роберт,Безіменна гора: Оповідання,1991,,Robert Sheckley,A Mountain Without a Name,1955,,,1990s,Gorbachev
Vsesvit,,Korotych V. (1978-1986),Шеклі Роберт,Заборонена зона - Лексіанський ключ: Оповідання,1983,,Robert Sheckley,The Laxian Key,1954,,"first published in Galaxy in 1952, later in collection The people Trap in 1968 by Deli",1980s,Andropov
Vsesvit,,Korotych V. (1978-1986),Шоу Ірвін,Лиха пригода: Оповідання,1982,,Irwin Shaw,A Wicked story,1953,,first published in the New Yorker in 1953,1980s,Andropov
Vsesvit,,Korotych V. (1978-1986),Шоу Ірвін,Нічний черговий: Роман,1979,,Irwin Shaw,Night Work,1975,,,1970s,Brezhnev
Vsesvit,,Poltoratskyy O. (1958-1971),Шоу Ірвін,Основні течії в американській думці: Новела,1959,,Irwin Shaw,Main Currents of American Thought,1939,,"first publishes in 1939 in the New Yorker, later in Five Decades collection and other places",1950s,Khrushchev
Vsesvit,,Korotych V. (1978-1986),Шоу Ірвін,Хліб по воді: Роман,1985,,Irwin Shaw,Bread Upon Waters,1981,,,1980s,Gorbachev
Vsesvit,,Poltoratskyy O. (1958-1971),Шулмен Макс,"Хлопці, наших бьють!: Сатир, роман",1960,,Max Shulman,"Rally Round the Flag,  Boys!",1957,,,1960s,Khrushchev